Contrast	Direction	Method	DB	ID	Description	Count	setSize	GeneRatio	enrichmentScore	NES	pvalue	p.adjust	qvalue	rank	leading_edge	core_enrichment
BvsA	up	GSEA	KEGG	mmu04974	Protein digestion and absorption	22	61	22/61	0.57608910348842	2.07190442222002	0.00316455696202532	0.0339869281045752	0.0260291251003325	866	tags=36%, list=7%, signal=34%	Col2a1/Col1a1/Col11a2/Col1a2/Col9a1/Col11a1/Col5a3/Col8a2/Col12a1/Atp1b4/Slc7a8/Col15a1/Eln/Atp1b2/Col13a1/Slc38a2/Col8a1/Col16a1/Col3a1/Col6a6/Col22a1/Slc16a10
BvsA	up	GSEA	KEGG	mmu04512	ECM-receptor interaction	19	68	19/68	0.558048036276556	2.04604543265401	0.00326797385620915	0.0339869281045752	0.0260291251003325	965	tags=28%, list=8%, signal=26%	Col2a1/Col1a1/Chad/Col1a2/Col9a1/Sdc4/Itgb8/Itgb6/Comp/Tnc/Fras1/Itga7/Itgb3/Frem2/Col6a6/Frem1/Itga3/Thbs4/Itga9
BvsA	up	GSEA	KEGG	mmu00190	Oxidative phosphorylation	65	114	65/114	0.465073633241657	1.90228490074804	0.0036101083032491	0.0363339932456038	0.0278266412508504	3125	tags=57%, list=26%, signal=43%	Cox15/Atp5g3/Cox5a/Cox11/Uqcrfs1/Atp5b/Cyc1/Ndufc1/Atp6v1b2/Ndufs1/Atp5o/Ndufa2/Sdha/Atp5e/Ndufa9/Ndufa11/Atp5a1/Ndufc2/Sdhd/Atp5g1/Uqcrc1/Ndufb2/Ndufs4/Sdhc/Atp5pb/Cox17/Atp6v0c/Uqcrc2/Ndufs3/Atp6ap1/Atp5k/Cox7a2/Ndufv1/Ndufb6/Atp5d/Uqcrh/Cox4i1/Ndufa8/Ndufa10/Atp5g2/Ndufa4/Cox10/Ndufs7/Ndufab1/Uqcr11/Ndufb11/Atp5c1/Cox6a2/Ndufb7/Ndufs2/Atp5l/Cox7c/Ndufs5/Atp5j2/Sdhb/Ndufa12/Atp6v1e1/Ndufb8/Uqcrq/Cox7b/Atp6v1g1/Ndufa7/Atp6v0e2/Ndufs8/Uqcr10
BvsA	up	GSEA	KEGG	mmu04714	Thermogenesis	83	201	83/201	0.344944877396007	1.53178456561443	0.00429184549356223	0.039383993940924	0.030162505481072	2741	tags=41%, list=23%, signal=32%	Adcy1/Creb3l1/Ppargc1a/Rps6ka6/Prkag3/Cox20/Map2k3/Cox15/Atp5g3/Cox5a/Cox11/Gnas/Actg1/Cox14/Uqcrfs1/Atp5b/Cyc1/Cox16/Hras/Rps6ka1/Ndufc1/Ndufs1/Ndufaf6/Rptor/Atp5o/Ndufa2/Sdha/Atp5e/Ndufa9/Slc25a29/Rps6ka2/Ndufa11/Smarcb1/Atp5a1/Ndufc2/Sdhd/Atp5g1/Prkaca/Uqcrc1/Ndufb2/Ndufs4/Sdhc/Atp5pb/Prkaa2/Cox17/Uqcrc2/Ndufs3/Ndufaf3/Atp5k/Cox7a2/Ndufv1/Ndufb6/Atp5d/Uqcrh/Dpf3/Grb2/Cox4i1/Ndufa8/Ndufa10/Atp5g2/Mapk12/Ndufa4/Cox10/Ndufs7/Ndufab1/Uqcr11/Ndufb11/Akt1s1/Atp5c1/Cox6a2/Tsc1/Ndufb7/Ndufs2/Atp5l/Cox7c/Ndufs5/Ndufaf7/Prkab2/Atp5j2/Sdhb/Ndufa12/Ndufb8/Mlst8
BvsA	up	GSEA	KEGG	mmu05012	Parkinson disease	93	211	93/211	0.325654989324153	1.45833586141898	0.00429184549356223	0.039383993940924	0.030162505481072	3125	tags=44%, list=26%, signal=33%	Snca/Ubc/Atp5g3/Cox5a/Gnas/Camk2a/Uqcrfs1/Atp5b/Cyc1/Ndufc1/Bcl2l1/Ndufs1/Camk2d/Atp5o/Ndufa2/Sdha/Dusp1/Atp5e/Ndufa9/Camk2g/Tubb2a/Ndufa11/Vdac1/Park7/Atp5a1/Ndufc2/Sdhd/Atp5g1/Prkaca/Uqcrc1/Ndufb2/Ndufs4/Sdhc/Atp5pb/Mcu/Psmd13/Psmb4/Uqcrc2/Ndufs3/Mapk9/Vdac3/Klc4/Cox7a2/Ndufv1/Ndufb6/Uba52/Atp5d/Uqcrh/Calm2/Mfn2/Psmb5/Sept5/Ppif/Klc1/Cox4i1/Ndufa8/Ndufa10/Atp5g2/Ube2j2/Ndufa4/Ndufs7/Ndufab1/Uqcr11/Ndufb11/Ube2l3/Mapt/Atp5c1/Cox6a2/Tubb4b/Trap1/Tuba1b/Ndufb7/Ubb/Ndufs2/Cox7c/Psmd6/Ndufs5/Psma6/Uba1/Sdhb/Ndufa12/Ndufb8/Klc2/Vdac2/Uqcrq/Cox7b/Kif5b/Ndufa7/Hspa5/Slc25a5/Slc25a4/Ndufs8/Uqcr10
BvsA	up	GSEA	KEGG	mmu05410	Hypertrophic cardiomyopathy	16	72	16/72	0.439909549391732	1.64174678331081	0.00630914826498423	0.0521303258145364	0.0399243723343446	965	tags=22%, list=8%, signal=21%	Myh6/Actc1/Cacna2d4/Prkag3/Itgb8/Itgb6/Itga7/Itgb3/Cacnb1/Actg1/Agt/Itga3/Atp2a1/Tpm2/Cacna2d1/Itga9
BvsA	down	GSEA	KEGG	mmu05168	Herpes simplex virus 1 infection	134	312	134/312	-0.52334255845441	-2.13255387068479	0.00122850122850123	0.0201615508885299	0.0154408638721197	2722	tags=43%, list=23%, signal=34%	Zfp715/Zfp790/Zfp472/Zfp128/Ifngr1/2810021J22Rik/Stat1/Zfp788/Casp8/Zfp597/Zfp709/Zfp952/Zfp869/H2-DMa/Zfp383/Zfp994/Zfp748/Daxx/Zfp867/Eif4ebp1/Zfp94/Ifih1/Il12a/Fas/Zfp141/Eif2ak2/AI987944/Zfp160/Zfp729b/Zfp324/Zfp27/Pdia3/Casp9/Zfp950/2610008E11Rik/Eif2ak4/Zfp809/Zfp386/Rbak/Zfp747/Irf9/Zfp938/Zfp964/Zfp51/Zfp607a/Zfp85/Pml/Syk/Zfp68/Zfp677/Zfp707/Tnfrsf1a/Zfp939/Zfp354b/AW146154/Zfp954/Zfp418/Zfp39/Rela/Zfp40/Zfp248/Zfp9/H2-DMb1/Tbk1/Zfp595/Tap2/Zfp763/Srsf5/Zfp267/Zfp617/Zfp975/Zfp354a/Zfp14/Zfp879/Zfp54/H2-M3/Zfp956/Ifnar2/Zfp169/Sp100/Zfp458/Ddx58/Zfp28/Ticam1/Gm14393/Bst2/Gm45871/Stat2/H2-T22/Zfp97/Zfp953/H2-T24/Zfp53/Zfp157/H2-D1/Tmem173/Zfp61/Zfp984/Oas2/Gm35315/Zfp773/9130019O22Rik/H2-T23/Tlr3/C3/Zfp182/H2-K1/H2-Eb1/Zfp873/H2-Ab1/Zfp566/Cd74/Tlr2/H2-Aa/Irf7/H2-Q4/E430018J23Rik/Rnasel/Tap1/B2m/Ikbke/Zfp37/Cfp/Zfp13/Pik3r1/Zfp810/Gm12258/Bcl2/Zfp850/Zfp52/Zfp960/Gm14322/H2-Q6/H2-Q7
BvsA	down	GSEA	KEGG	mmu05171	Coronavirus disease - COVID-19	52	171	52/171	-0.420242566194177	-1.606344035189	0.0013351134846462	0.0201615508885299	0.0154408638721197	2482	tags=30%, list=21%, signal=24%	Agtr1a/Mapk3/Rps24/Rpl31/Rpl35a/Ifih1/Il12a/Eif2ak2/Ace/Tlr7/Irf9/Plcg1/Fos/Syk/Tnfrsf1a/Rps28/Rps6/Rpl3/Plcg2/Rela/Rpl23a/Tbk1/C1qa/C1s1/Ifnar2/Rps27/Rpl17/Ddx58/Stat2/Adar/C1qb/F13a1/Tlr4/C1qc/Tmem173/Jun/Mmp3/Oas2/C2/Tlr3/C3/Cfd/Tlr2/C1ra/Ikbke/Pik3r1/Cybb/Mapk11/C3ar1/C4b/Casp1/Prkcb
BvsA	down	GSEA	KEGG	mmu05170	Human immunodeficiency virus 1 infection	45	159	45/159	-0.428108657139228	-1.622139258315	0.00134589502018843	0.0201615508885299	0.0154408638721197	2056	tags=28%, list=17%, signal=24%	Pdia3/Casp9/Nfatc4/Plcg1/Limk1/Fos/Nfatc2/Ripk1/Tnfrsf1a/Plcg2/Apobec3/Itpr2/Itpr3/Gnai1/Rela/Tbk1/Trim30d/Tap2/Trim12c/H2-M3/Gngt2/Bst2/Ap1g2/H2-T22/H2-T24/Tlr4/H2-D1/Tmem173/Jun/H2-T23/H2-K1/Rac2/Tlr2/H2-Q4/Ptk2b/Tap1/B2m/Pik3r1/Bcl2/Mapk11/Cd247/Cd3e/H2-Q6/Prkcb/H2-Q7
BvsA	down	GSEA	KEGG	mmu05169	Epstein-Barr virus infection	51	154	51/154	-0.511721112002399	-1.93204836768438	0.00135869565217391	0.0201615508885299	0.0154408638721197	2056	tags=33%, list=17%, signal=28%	Pdia3/Casp9/Gadd45b/Ccnd1/Irf9/Ripk1/Syk/Plcg2/Tnfaip3/Rela/Sin3a/Cdk2/H2-DMb1/Tbk1/Tap2/Relb/H2-M3/Ifnar2/Jak3/Psmd8/Ccne2/Cdk6/Ddx58/Icam1/Stat2/H2-T22/Polk/H2-T24/Vim/H2-D1/Jun/Oas2/H2-T23/H2-K1/H2-Eb1/H2-Ab1/Tlr2/H2-Aa/Irf7/H2-Q4/Tap1/B2m/Ikbke/Pik3r1/Bcl2/Mapk11/Ddb2/Cd247/Cd3e/H2-Q6/H2-Q7
BvsA	down	GSEA	KEGG	mmu05167	Kaposi sarcoma-associated herpesvirus infection	45	148	45/148	-0.426768659435113	-1.60063563695076	0.00137174211248285	0.0201615508885299	0.0154408638721197	2052	tags=30%, list=17%, signal=26%	Casp9/Nfatc4/Ccnd1/Irf9/Plcg1/Fos/Nfatc2/Syk/Tnfrsf1a/Plcg2/Itpr2/Itpr3/Rela/Atg3/Tbk1/H2-M3/Ifnar2/Angpt2/Tcf7l1/Pik3r5/Cdk6/Icam1/Gngt2/Ticam1/Stat2/H2-T22/H2-T24/Gabarapl1/H2-D1/Jun/Cd86/H2-T23/Tlr3/C3/H2-K1/Pik3cg/Irf7/H2-Q4/Ikbke/Pik3r1/Mapk11/Ptgs2/Ccr1/H2-Q6/H2-Q7
BvsA	down	GSEA	KEGG	mmu05152	Tuberculosis	48	125	48/125	-0.469727358832436	-1.72612178003965	0.00137362637362637	0.0201615508885299	0.0154408638721197	2693	tags=38%, list=22%, signal=30%	Ifngr1/Rab5c/Stat1/Casp8/Mapk3/Lsp1/H2-DMa/Tgfb3/Il12a/Cd209a/Malt1/Casp9/Il18/Syk/Tnfrsf1a/Fcgr2b/Il10rb/Rela/H2-DMb1/Tgfb1/Rab7/Clec7a/Nod2/Ctss/Il10ra/Fcgr3/Fcer1g/Rfx5/Tlr4/Tcirg1/Lbp/Itgam/C3/Cd209f/Ripk2/H2-Eb1/Ciita/H2-Ab1/Cd74/Tlr2/H2-Aa/Itgb2/Cd209d/Coro1a/Cd209b/Bcl2/Mapk11/Cd209g
BvsA	down	GSEA	KEGG	mmu04621	NOD-like receptor signaling pathway	39	121	39/121	-0.51494280197949	-1.89271238065158	0.00137551581843191	0.0201615508885299	0.0154408638721197	1953	tags=32%, list=16%, signal=27%	Erbin/Irf9/Rnf31/Il18/Ripk1/Itpr2/Tnfaip3/Itpr3/Rela/Tbk1/Pycard/Ifnar2/Nod2/Ticam1/Stat2/Tlr4/Gsdmd/Gabarapl1/Tmem173/Jun/Oas2/Ifi204/Ripk2/Prkcd/Irf7/Rnasel/Casp12/Ikbke/Naip2/Casp4/Gbp3/Bcl2/Cybb/Trpv2/Mapk11/Gbp2/Casr/Casp1/Gbp5
BvsA	down	GSEA	KEGG	mmu05164	Influenza A	45	108	45/108	-0.481305540741202	-1.74314271341908	0.00138504155124654	0.0201615508885299	0.0154408638721197	2693	tags=42%, list=22%, signal=33%	Ifngr1/Stat1/Casp8/Mapk3/H2-DMa/Cdk4/Ifih1/Il12a/Fas/Eif2ak2/Tlr7/Casp9/Cpsf4/Irf9/Il18/Pml/Tnfrsf1a/Il33/Rela/H2-DMb1/Tbk1/Pycard/Ifnar2/Cdk6/Ddx58/Icam1/Ticam1/Stat2/Adar/Tlr4/Oas2/Tpsb2/Tlr3/Kpna2/H2-Eb1/Ciita/H2-Ab1/H2-Aa/Irf7/Tnfsf10/Rnasel/Ikbke/Pik3r1/Casp1/Prkcb
BvsA	down	GSEA	KEGG	mmu04145	Phagosome	36	118	36/118	-0.52932993210457	-1.93494989037189	0.0013869625520111	0.0201615508885299	0.0154408638721197	1463	tags=31%, list=12%, signal=27%	H2-DMb1/Tap2/Rab7/H2-M3/Clec7a/Ctss/Cd36/Fcgr3/H2-T22/H2-T24/Tlr4/Tcirg1/H2-D1/Itgam/H2-T23/C3/Cd209f/H2-K1/H2-Eb1/H2-Ab1/Tlr2/C1ra/H2-Aa/Thbs2/H2-Q4/Itgb2/Tap1/Rab7b/Cd209d/Tuba1c/Coro1a/Cd209b/Cybb/Cd209g/H2-Q6/H2-Q7
BvsA	down	GSEA	KEGG	mmu05162	Measles	46	103	46/103	-0.539373211364247	-1.9425443304785	0.00140056022408964	0.0201615508885299	0.0154408638721197	2617	tags=45%, list=22%, signal=35%	Stat1/Gsk3b/Casp8/Cdk4/Ifih1/Il12a/Fas/Eif2ak2/Cd209a/Tlr7/Casp9/Eif2ak4/Csnk2a2/Ccnd1/Irf9/Msn/Fos/Fcgr2b/Tnfaip3/Rab9/Rela/Hspa1a/Cdk2/Tbk1/Hspa1l/Ifnar2/Jak3/Ccne2/Cdk6/Ddx58/Stat2/Adar/Tlr4/Jun/Cd46/Oas2/Cd209f/Tlr2/Irf7/Cd209d/Ikbke/Cd209b/Pik3r1/Bcl2/Cd209g/Cd3e
BvsA	down	GSEA	KEGG	mmu04060	Cytokine-cytokine receptor interaction	43	98	43/98	-0.543637706189912	-1.9399732381334	0.00141242937853107	0.0201615508885299	0.0154408638721197	2277	tags=44%, list=19%, signal=36%	Tgfb3/Il12a/Tnfrsf12a/Fas/Ccl8/Ccl25/Ackr3/Bmpr1b/Osmr/Il18/Tnfrsf1a/Il33/Csf1r/Il10rb/Tgfb1/Ifnar2/Il1rl2/Il10ra/Ccl27a/Il20rb/Tnfrsf19/Bmp5/Il13ra1/Csf2ra/Mstn/Gdf11/Pf4/Il15/Tnfsf10/Bmp4/Prlr/Il16/Ccr2/Ccl24/Tnfrsf11a/Ccl28/Acvr1c/Inhbb/Ccl11/Ccr1/Bmp3/Eda2r/Lep
BvsA	down	GSEA	KEGG	mmu04625	C-type lectin receptor signaling pathway	34	80	34/80	-0.496698830841945	-1.73004322697518	0.00141843971631206	0.0201615508885299	0.0154408638721197	2642	tags=42%, list=22%, signal=33%	Cyld/Stat1/Casp8/Mapk3/Lsp1/Il12a/Cd209a/Malt1/Nfatc4/Irf9/Nfatc2/Syk/Plcg2/Itpr2/Itpr3/Rela/Pycard/Relb/Clec7a/Stat2/Fcer1g/Jun/Irf1/Cd209f/Prkcd/Rras/Cd209d/Ikbke/Cd209b/Pik3r1/Mapk11/Ptgs2/Casp1/Cd209g
BvsA	down	GSEA	KEGG	mmu04650	Natural killer cell mediated cytotoxicity	25	62	25/62	-0.543432429885397	-1.80805154685371	0.00143884892086331	0.0201615508885299	0.0154408638721197	2099	tags=40%, list=17%, signal=33%	Sh3bp2/Cd48/Plcg1/Nfatc2/Syk/Plcg2/Icam2/Fyn/Ifnar2/Icam1/Fcer1g/H2-D1/H2-T23/H2-K1/Rac2/Tnfsf10/Ptk2b/Itgb2/Vav1/Ptpn6/Lcp2/Pik3r1/Shc2/Cd247/Prkcb
BvsA	down	GSEA	KEGG	mmu04080	Neuroactive ligand-receptor interaction	16	73	16/73	-0.50114835906708	-1.70398891323335	0.00145772594752187	0.0201615508885299	0.0154408638721197	856	tags=22%, list=7%, signal=20%	Aplnr/Adm/Ptafr/Ptgir/Ptger4/C3/Ednra/Prlr/Nmb/Cysltr1/Adora1/C3ar1/Ptgfr/Uts2b/Ptger3/Lep
BvsA	down	GSEA	KEGG	mmu05140	Leishmaniasis	30	53	30/53	-0.633500511334311	-2.03977806713479	0.00147710487444609	0.0201615508885299	0.0154408638721197	2693	tags=57%, list=22%, signal=44%	Ifngr1/Stat1/Ncf1/Ncf2/Mapk3/Cyba/H2-DMa/Tgfb3/Il12a/Fos/Rela/H2-DMb1/Eef1a1/Tgfb1/Fcgr3/Tlr4/Jun/Marcksl1/Itgam/C3/H2-Eb1/H2-Ab1/Tlr2/H2-Aa/Itgb2/Ptpn6/Cybb/Mapk11/Ptgs2/Prkcb
BvsA	down	GSEA	KEGG	mmu04612	Antigen processing and presentation	22	46	22/46	-0.690741048933634	-2.16610358422794	0.00148588410104012	0.0201615508885299	0.0154408638721197	1493	tags=48%, list=12%, signal=42%	Hspa1a/H2-DMb1/Tap2/Hspa1l/H2-M3/Ctss/H2-T22/Rfx5/H2-T24/H2-D1/H2-T23/H2-K1/H2-Eb1/Ciita/H2-Ab1/Cd74/H2-Aa/H2-Q4/Tap1/B2m/H2-Q6/H2-Q7
BvsA	down	GSEA	KEGG	mmu04610	Complement and coagulation cascades	20	39	20/39	-0.676680479660582	-2.0606774116961	0.0014903129657228	0.0201615508885299	0.0154408638721197	1369	tags=51%, list=11%, signal=46%	C1qa/C1s1/F3/C1qb/F13a1/C1qc/Plau/Cd46/Serping1/C2/Itgam/C3/Cfd/C1ra/F5/Itgb2/Procr/C3ar1/C4b/Serpine1
BvsA	down	GSEA	KEGG	mmu05133	Pertussis	21	51	21/51	-0.615134880959842	-1.96197272271333	0.00149253731343284	0.0201615508885299	0.0154408638721197	1798	tags=41%, list=15%, signal=35%	Fos/Gnai1/Rela/C1qa/Pycard/C1s1/Ticam1/C1qb/Tlr4/C1qc/Jun/Irf1/Serping1/C2/Itgam/C3/C1ra/Itgb2/Mapk11/C4b/Casp1
BvsA	down	GSEA	KEGG	mmu04061	Viral protein interaction with cytokine and cytokine receptor	17	28	17/28	-0.707862693758569	-2.00692063260913	0.0015625	0.0201615508885299	0.0154408638721197	2066	tags=61%, list=17%, signal=50%	Ccl8/Ccl25/Ackr3/Il18/Tnfrsf1a/Csf1r/Il10rb/Il10ra/Ccl27a/Il20rb/Pf4/Tnfsf10/Ccr2/Ccl24/Ccl28/Ccl11/Ccr1
BvsA	down	GSEA	KEGG	mmu05320	Autoimmune thyroid disease	14	17	14/17	-0.746949011216916	-1.92161964580153	0.00156985871271586	0.0201615508885299	0.0154408638721197	1463	tags=82%, list=12%, signal=72%	H2-DMb1/H2-M3/H2-T22/H2-T24/H2-D1/Cd86/H2-T23/H2-K1/H2-Eb1/H2-Ab1/H2-Aa/H2-Q4/H2-Q6/H2-Q7
BvsA	down	GSEA	KEGG	mmu05332	Graft-versus-host disease	14	17	14/17	-0.746949011216916	-1.92161964580153	0.00156985871271586	0.0201615508885299	0.0154408638721197	1463	tags=82%, list=12%, signal=72%	H2-DMb1/H2-M3/H2-T22/H2-T24/H2-D1/Cd86/H2-T23/H2-K1/H2-Eb1/H2-Ab1/H2-Aa/H2-Q4/H2-Q6/H2-Q7
BvsA	down	GSEA	KEGG	mmu04940	Type I diabetes mellitus	15	21	15/21	-0.70171613500541	-1.88335125527886	0.00158478605388273	0.0201615508885299	0.0154408638721197	1463	tags=71%, list=12%, signal=63%	H2-DMb1/H2-M3/H2-T22/Ica1/H2-T24/H2-D1/Cd86/H2-T23/H2-K1/H2-Eb1/H2-Ab1/H2-Aa/H2-Q4/H2-Q6/H2-Q7
BvsA	down	GSEA	KEGG	mmu05330	Allograft rejection	14	18	14/18	-0.728148557625161	-1.87993928845144	0.00158478605388273	0.0201615508885299	0.0154408638721197	1463	tags=78%, list=12%, signal=68%	H2-DMb1/H2-M3/H2-T22/H2-T24/H2-D1/Cd86/H2-T23/H2-K1/H2-Eb1/H2-Ab1/H2-Aa/H2-Q4/H2-Q6/H2-Q7
BvsA	down	GSEA	KEGG	mmu05340	Primary immunodeficiency	8	14	8/14	-0.743566683276148	-1.82361800866798	0.00158982511923688	0.0201615508885299	0.0154408638721197	1767	tags=57%, list=15%, signal=49%	Dclre1c/Tap2/Jak3/Rfx5/Ciita/Tap1/Ptprc/Cd3e
BvsA	down	GSEA	KEGG	mmu05150	Staphylococcus aureus infection	21	26	21/26	-0.788496558654251	-2.20167156290526	0.00161550888529887	0.0201615508885299	0.0154408638721197	1704	tags=81%, list=14%, signal=69%	Fcgr2b/H2-DMb1/C1qa/C1s1/Icam1/Fcgr3/C1qb/Ptafr/C1qc/C2/Itgam/C3/H2-Eb1/H2-Ab1/Cfd/C1ra/H2-Aa/Itgb2/Selplg/C3ar1/C4b
BvsA	down	GSEA	KEGG	mmu05145	Toxoplasmosis	39	88	39/88	-0.45899241277357	-1.62221186076875	0.00285306704707561	0.0339869281045752	0.0260291251003325	3168	tags=44%, list=26%, signal=33%	Irak4/Irgm2/Lama2/Lama5/Chuk/Tyk2/Lamc2/Ifngr1/Stat1/Casp8/Mapk3/H2-DMa/Lama4/Tgfb3/Il12a/Casp9/Tnfrsf1a/Gnai1/Il10rb/Rela/Hspa1a/H2-DMb1/Irgm1/Tgfb1/Hspa1l/Pik3r5/Ldlr/Il10ra/Igtp/Tlr4/Alox5/H2-Eb1/Ciita/H2-Ab1/Pik3cg/Tlr2/H2-Aa/Bcl2/Mapk11
BvsA	down	GSEA	KEGG	mmu03320	PPAR signaling pathway	18	54	18/54	-0.569307536626123	-1.84291229727379	0.00297176820208024	0.0339869281045752	0.0260291251003325	1530	tags=33%, list=13%, signal=29%	Lpl/Gk/Pltp/Dbi/Plin4/Acadl/Cd36/Cpt1a/Pparg/Slc27a1/Acsl1/Cpt1c/Fabp4/Plin5/Fabp3/Plin1/Adipoq/Scd1
BvsA	down	GSEA	KEGG	mmu00982	Drug metabolism - cytochrome P450	10	28	10/28	-0.648051849866893	-1.83734591463295	0.003125	0.0339869281045752	0.0260291251003325	1036	tags=36%, list=9%, signal=33%	Aldh3b1/Gstt1/Mgst1/Hpgds/Fmo1/Aox1/Adh1/Fmo2/Adh7/Gstt2
BvsA	down	GSEA	KEGG	mmu04670	Leukocyte transendothelial migration	34	82	34/82	-0.466779157215779	-1.63618860652546	0.00424328147100424	0.039383993940924	0.030162505481072	2055	tags=41%, list=17%, signal=35%	Arhgap35/Rock1/Rap1b/Ncf1/Ncf2/Jam3/Cyba/Rapgef3/Jam2/Msn/Plcg1/Ctnna1/Afdn/Plcg2/Gnai1/Rassf5/Myl9/Actn1/Cldn15/Icam1/Vcam1/Myl12b/Itgam/Ezr/Rac2/Myl2/Ptk2b/Thy1/Itgb2/Vav1/Pik3r1/Cybb/Mapk11/Prkcb
BvsA	down	GSEA	KEGG	mmu05323	Rheumatoid arthritis	19	48	19/48	-0.58235669310789	-1.83427601343767	0.00453172205438067	0.0403970651704791	0.0309383731231402	1828	tags=40%, list=15%, signal=34%	Il18/Fos/Angpt1/H2-DMb1/Tgfb1/Icam1/Tlr4/Tcirg1/Jun/Mmp3/Cd86/H2-Eb1/H2-Ab1/Tlr2/Il15/H2-Aa/Itgb2/Tnfrsf11a/Acp5
BvsA	down	GSEA	KEGG	mmu04514	Cell adhesion molecules	36	76	36/76	-0.462657997098033	-1.58525777696248	0.00577200577200577	0.05002405002405	0.0383112663814418	1946	tags=47%, list=16%, signal=40%	Jam2/Sdc3/Ptprm/Cadm3/Icam2/L1cam/Negr1/H2-DMb1/Cldn15/Cdh15/H2-M3/Icam1/H2-T22/Vcam1/H2-T24/Cd34/Alcam/H2-D1/Itgam/Cd86/H2-T23/Itgb7/Siglec1/H2-K1/Vsir/H2-Eb1/H2-Ab1/H2-Aa/H2-Q4/Icosl/Itgb2/Cd274/Selplg/Ptprc/H2-Q6/H2-Q7
BvsA	down	GSEA	KEGG	mmu04672	Intestinal immune network for IgA production	11	19	11/19	-0.648124908061277	-1.69724541299938	0.00634920634920635	0.0521303258145364	0.0399243723343446	1463	tags=58%, list=12%, signal=51%	Ccl25/H2-DMb1/Tgfb1/Cd86/Itgb7/H2-Eb1/H2-Ab1/Il15/H2-Aa/Icosl/Ccl28
BvsA	down	GSEA	KEGG	mmu04640	Hematopoietic cell lineage	17	43	17/43	-0.547011903940398	-1.69547076462038	0.00728862973760933	0.0556864424930392	0.0426478490078269	1580	tags=40%, list=13%, signal=34%	Csf1r/Cd9/H2-DMb1/Kit/Cd36/Mme/Cd34/Anpep/Cd24a/Itgam/Csf2ra/H2-Eb1/Flt3l/H2-Ab1/H2-Aa/Cd3e/Cd1d1
BvsA	down	GSEA	KEGG	mmu00480	Glutathione metabolism	17	45	17/45	-0.533256986869398	-1.66083917920975	0.00740740740740741	0.0556864424930392	0.0426478490078269	2093	tags=38%, list=17%, signal=31%	Gpx7/Gpx4/Gsr/Gstt3/Srm/Pgd/Rrm2/Chac1/Gstt1/Anpep/Mgst1/Odc1/Idh1/Hpgds/G6pdx/Gpx3/Gstt2
BvsA	down	GSEA	KEGG	mmu05134	Legionellosis	19	46	19/46	-0.541585838953786	-1.69836587638156	0.00742942050520059	0.0556864424930392	0.0426478490078269	2555	tags=41%, list=21%, signal=33%	Casp8/Bnip3/Il12a/Casp9/Il18/Rela/Hspa1a/Eef1a1/Pycard/Hspa1l/Clk1/Tlr4/Clk4/Itgam/C3/Tlr2/Itgb2/Naip2/Casp1
BvsA	down	GSEA	KEGG	mmu04623	Cytosolic DNA-sensing pathway	22	37	22/37	-0.563180960457884	-1.70393603256341	0.00749625187406297	0.0556864424930392	0.0426478490078269	1828	tags=59%, list=15%, signal=51%	Nfkbib/Polr3h/Polr3b/Ikbkb/Polr3gl/Polr3a/Irf3/Chuk/Polr2k/Il18/Ripk1/Polr3g/Il33/Rela/Tbk1/Pycard/Ddx58/Adar/Tmem173/Irf7/Ikbke/Casp1
BvsA	down	GSEA	KEGG	mmu04064	NF-kappa B signaling pathway	23	70	23/70	-0.469903322435884	-1.58232173417989	0.00869565217391304	0.063030303030303	0.0482721956406167	2125	tags=33%, list=18%, signal=27%	Malt1/Csnk2a2/Gadd45b/Plcg1/Ripk1/Syk/Tnfrsf1a/Plcg2/Tnfaip3/Rela/Relb/Ddx58/Icam1/Ticam1/Vcam1/Tlr4/Lbp/Plau/Tnfrsf11a/Bcl2/Ptgs2/Prkcb/Eda2r
BvsA	down	GSEA	KEGG	mmu05204	Chemical carcinogenesis	11	34	11/34	-0.574985029760961	-1.71568941797067	0.00888888888888889	0.063030303030303	0.0482721956406167	1036	tags=32%, list=9%, signal=30%	Aldh3b1/Gstt1/Nat1/Sult1a1/Mgst1/Hpgds/Ephx1/Adh1/Adh7/Ptgs2/Gstt2
BvsA	down	GSEA	KEGG	mmu05163	Human cytomegalovirus infection	41	172	41/172	-0.374495433965275	-1.43339919602063	0.00930851063829787	0.0645390070921986	0.0494276471320144	2056	tags=24%, list=17%, signal=20%	Pdia3/Casp9/Nfatc4/Creb5/Ccnd1/Nfatc2/Ripk1/Pdgfra/Tnfrsf1a/Itpr2/Itpr3/Gnai1/Il10rb/Rela/Tbk1/Tap2/H2-M3/Il10ra/Cdk6/Gngt2/H2-T22/Adcy4/H2-T24/Ptger4/H2-D1/Tmem173/H2-T23/H2-K1/Rac2/H2-Q4/Ptk2b/Tap1/B2m/Pik3r1/Mapk11/Ptgs2/Ccr1/H2-Q6/Prkcb/H2-Q7/Ptger3
CvsA	up	GSEA	KEGG	mmu01210	2-Oxocarboxylic acid metabolism	11	14	11/14	0.724156309469497	2.032123247918	0.00347222222222222	0.0277777777777778	0.0196806117858749	2613	tags=79%, list=22%, signal=62%	Idh3a/Got2/Gpt2/Aco2/Bcat2/Cs/Idh3g/Idh3b/Got1/Acy1/Idh2
CvsA	up	GSEA	KEGG	mmu00020	Citrate cycle (TCA cycle)	16	28	16/28	0.591689050271485	1.9860121625166	0.00454545454545455	0.0330937922622047	0.0234470188092543	1264	tags=57%, list=11%, signal=51%	Idh3a/Sucla2/Pdha1/Mdh2/Dld/Dlat/Sdha/Aco2/Ogdh/Pdhb/Dlst/Cs/Fh1/Idh3g/Sdhc/Suclg1
CvsA	up	GSEA	KEGG	mmu04720	Long-term potentiation	20	48	20/48	0.447563620875579	1.76478701890425	0.00588235294117647	0.0395136778115502	0.0279955207166853	1794	tags=42%, list=15%, signal=36%	Adcy1/Rps6ka6/Ppp1cb/Prkaca/Camk2a/Rps6ka2/Ep300/Ppp3r1/Hras/Ppp3cb/Ppp1r1a/Camk2d/Map2k2/Camk2g/Camk2b/Raf1/Crebbp/Ppp1ca/Prkca/Rps6ka1
CvsA	up	GSEA	KEGG	mmu05412	Arrhythmogenic right ventricular cardiomyopathy	12	58	12/58	0.384905486182254	1.60810669168046	0.00595238095238095	0.0395136778115502	0.0279955207166853	685	tags=21%, list=6%, signal=20%	Dsp/Cacna2d4/Actn2/Atp2a2/Cacna2d1/Atp2a1/Itgb6/Cacnb1/Actn3/Itga7/Sgcb/Sgca
CvsA	up	GSEA	KEGG	mmu04260	Cardiac muscle contraction	41	67	41/67	0.632230533355466	2.68690216870324	0.00757575757575758	0.0445969125214408	0.0315970027985917	1837	tags=61%, list=15%, signal=52%	Myh6/Actc1/Cacna2d4/Myh7/Tpm3/Tnnc1/Tpm2/Atp2a2/Cacna2d1/Atp1a2/Atp2a1/Cox5a/Hrc/Myl2/Atp1b2/Cacnb1/Trdn/Uqcrfs1/Myl3/Casq2/Slc9a6/Uqcrc1/Cox6a2/Cox4i1/Uqcrc2/Cox7c/Uqcrh/Tpm1/Cacna1s/Cyc1/Cacnb3/Slc8a3/Cox7a1/Uqcr11/Cox5b/Uqcrb/Cox6b1/Cox6c/Cox7a2/Cacng6/Cox7b
CvsA	up	GSEA	KEGG	mmu05410	Hypertrophic cardiomyopathy	21	72	21/72	0.475682726569616	2.01985052541663	0.0078740157480315	0.0454943132108487	0.0322328130036377	752	tags=29%, list=6%, signal=28%	Myh6/Actc1/Cacna2d4/Myh7/Tpm3/Tnnc1/Tpm2/Atp2a2/Cacna2d1/Prkag3/Atp2a1/Ttn/Myl2/Itgb6/Cacnb1/Itga7/Agt/Sgcb/Prkaa2/Sgca/Myl3
CvsA	up	GSEA	KEGG	mmu05414	Dilated cardiomyopathy	22	75	22/75	0.451384943823308	1.92306634033386	0.00854700854700855	0.0484848484848485	0.0343516132989817	752	tags=29%, list=6%, signal=28%	Myh6/Actc1/Cacna2d4/Adcy1/Myh7/Tpm3/Tnnc1/Gnas/Tpm2/Atp2a2/Cacna2d1/Atp2a1/Ttn/Myl2/Itgb6/Cacnb1/Itga7/Agt/Sgcb/Sgca/Prkaca/Myl3
CvsA	up	GSEA	KEGG	mmu04922	Glucagon signaling pathway	29	84	29/84	0.3658807434518	1.57075808984719	0.00900900900900901	0.0501930501930502	0.0355618776671408	1727	tags=35%, list=14%, signal=30%	Ppargc1a/Gnas/Creb3l1/Prkag3/Pdha1/Pkm/Foxo1/Pygm/Pgam2/Prkaa2/Ldha/Prkaca/Camk2a/Pdhb/Ep300/Gck/Ppp3r1/Ppp3cb/Camk2d/Camk2g/Camk2b/Gys1/Phkb/Phka1/Acacb/Crebbp/Ldhb/Phkg2/Prkag2
CvsA	up	GSEA	KEGG	mmu01200	Carbon metabolism	35	94	35/94	0.361521399274061	1.6010786418368	0.0099009900990099	0.0528813559322034	0.0374665477252453	1267	tags=37%, list=11%, signal=34%	Pgk1/Gapdh/Idh3a/Aldoart2/Eno1/Pgp/Got2/Sucla2/Pdha1/Gpt2/Pkm/Mdh2/Gpi1/Aldoart1/Dld/Pgam2/Dlat/Tpi1/Me3/Eno3/Sdha/Aco2/Aldoa/Ogdh/Pdhb/Dlst/Cs/Glud1/Pccb/Fh1/Idh3g/Gck/Sdhc/Suclg1/Prps1
CvsA	up	GSEA	KEGG	mmu04723	Retrograde endocannabinoid signaling	42	97	42/97	0.383623379005161	1.68648995882332	0.010989010989011	0.0552995391705069	0.0391798354446911	2188	tags=43%, list=18%, signal=36%	Gabrr2/Adcy1/Gnb3/Ptgs2/Gnao1/Gng7/Ndufb2/ND5/Prkaca/Mapk9/Ndufs1/Ndufc1/Ndufs5/Ndufs2/Ndufa9/Ndufa11/Napepld/Ndufa10/Ndufs4/Cacna1s/Ndufc2/Ndufab1/Ndufa2/Ndufb11/ND3/Ndufs8/Ndufb8/Ndufa5/Ndufa4/Ndufa13/Prkca/Ndufa8/Ndufb10/Adcy2/Ndufb6/Ndufa1/Dagla/Ndufv1/ND6/Ndufa6/ND2/Ndufb5
CvsA	up	GSEA	KEGG	mmu05031	Amphetamine addiction	16	41	16/41	0.435781254795033	1.66852392368972	0.010989010989011	0.0552995391705069	0.0391798354446911	1766	tags=39%, list=15%, signal=33%	Fosb/Ddc/Gnas/Creb3l1/Arc/Fos/Ppp1cb/Prkaca/Camk2a/Ppp3r1/Ppp3cb/Camk2d/Camk2g/Camk2b/Ppp1ca/Prkca
CvsA	down	GSEA	KEGG	mmu05168	Herpes simplex virus 1 infection	139	312	139/312	-0.478815857633628	-1.71540589480258	0.00100502512562814	0.0127952755905512	0.00906547865727311	3599	tags=45%, list=30%, signal=32%	Zfp60/Zfp454/Itga5/Srsf5/Zfp868/Zfp661/Zfp953/Zfp712/Rsl1/Eif2ak3/Zfp101/Zfp688/Rbak/Zfp235/Zfp707/Zfp128/Srsf6/Zfp61/Zfp788/Zfp746/Srsf9/Pik3r3/Zfp974/Srsf7/Irak4/Zfp81/Tbk1/Zfp354a/Zfp617/Ifnar1/Zfp619/Zfp157/Srsf2/Zfp623/Zfp597/Zfp85/Zfp458/Zfp975/Eif2ak2/Rela/Zfp53/Zfp12/Fas/Tnfrsf1a/Zfp324/Zfp28/Chuk/Zfp566/Zfp951/Srsf1/Zfp866/Src/Bcl2l1/9130019O22Rik/H2-DMa/Traf2/Zfp984/Casp9/Nectin2/Zfp948/Zfp961/Zfp677/Ifih1/Myd88/H2-T22/Irf3/Bax/Zfp14/Zfp954/Zfp810/Zfp809/2810021J22Rik/Trp53/Tapbp/Zfp950/Rnasel/Zfp354b/Zfp764/Zfp583/Zfp850/H2-T24/Zfp273/Zfp54/Zfp595/Zfp658/Itgb3/Zfp760/Pdia3/Pik3r1/Gm35315/Zfp97/Ddx58/Ticam1/Nectin1/Stat1/Pml/Ifnar2/Casp8/Zfp747/Ifngr1/Zfp37/Irf9/Tmem173/H2-DMb1/Zfp873/Syk/Zfp960/Traf5/C3/Tlr3/E430018J23Rik/Ikbke/Zfp52/H2-Ab1/Cfp/H2-D1/Zfp418/Gm12258/Tap2/H2-M3/Irf7/Zfp286/H2-Aa/Sp100/Stat2/Zfp964/H2-Eb1/B2m/H2-K1/Cd74/Bcl2/Tap1/H2-T23/Bst2/H2-Q4/H2-Q6/Oas2/Zfp773/H2-Q7
CvsA	down	GSEA	KEGG	mmu04810	Regulation of actin cytoskeleton	59	166	59/166	-0.425736356395415	-1.49252838569695	0.00103092783505155	0.0127952755905512	0.00906547865727311	2498	tags=36%, list=21%, signal=29%	Lpar1/Rras/Vav2/Ppp1r12a/Ppp1r12c/Iqgap2/Tiam1/Pak4/Src/Mapk3/Tmsb4x/Lpar4/Fn1/Ssh3/Myh9/Baiap2/Itga11/Crk/Arpc1b/Arpc5/Mras/Cxcr4/Actr3b/Msn/Egfr/Iqgap1/Itga1/Cxcl12/Actb/Pdgfrb/Mylk/Itgb3/Ezr/Pik3r1/Spata13/Pdgfd/Actn1/Fgf7/F2r/Cfl1/Nckap1l/Itgb2/Fgf9/Cyfip2/Myl12b/Pdgfra/Vav1/Itga8/Itga6/Fgfr4/Myl9/Limk1/Rac2/Itgb7/Itgam/Itgb4/Gsn/Myh11/Fgfr3
CvsA	down	GSEA	KEGG	mmu05163	Human cytomegalovirus infection	56	172	56/172	-0.4415461884007	-1.54897625919845	0.00103199174406605	0.0127952755905512	0.00906547865727311	2274	tags=33%, list=19%, signal=27%	Src/Ripk1/Cdk6/Mapk3/Cdk4/Traf2/Adcy7/Gnb4/Plcb1/Ccr1/Casp9/H2-T22/Nfatc4/Irf3/Il10rb/Bax/Gng11/Crk/Il1r1/Trp53/Tapbp/Cxcr4/Itpr1/Egfr/Myc/Cxcl12/H2-T24/Gngt2/Itgb3/Pdia3/Pik3r1/Casp8/Tmem173/Mapk11/Traf5/Pdgfra/H2-D1/Il10ra/Adcy5/Tap2/H2-M3/Gnai1/Adcy4/Ccnd1/B2m/Rac2/H2-K1/Prkcb/Tap1/H2-T23/H2-Q4/Adcy3/H2-Q6/Ptk2b/H2-Q7/Ptger3
CvsA	down	GSEA	KEGG	mmu05171	Coronavirus disease - COVID-19	41	171	41/171	-0.439174491516962	-1.5388968606581	0.0010351966873706	0.0127952755905512	0.00906547865727311	1931	tags=24%, list=16%, signal=20%	Ifih1/Myd88/Irf3/C3ar1/C1qa/Cfd/Egfr/Jun/Rpl3/Cybb/C1qb/Pik3r1/Nrp1/Ddx58/Stat1/Ifnar2/Ace/C1qc/C2/C7/Irf9/Tmem173/Mapk11/Tlr4/Syk/Mmp3/C3/Tlr3/Agtr1a/Ikbke/Tlr8/Vwf/Stat2/C4b/Plcg2/Adar/C1s1/Prkcb/C1ra/Oas2/Casp1
CvsA	down	GSEA	KEGG	mmu04014	Ras signaling pathway	56	162	56/162	-0.442002489728472	-1.54292964703509	0.00103842159916926	0.0127952755905512	0.00906547865727311	2364	tags=35%, list=20%, signal=28%	Chuk/Tiam1/Pak4/Rasa2/Bcl2l1/Pld1/Igf1/Mapk3/Rasa3/Gnb4/Kitl/Pla2g2d/Vegfd/Rgl1/Gng11/Shc1/Mras/Ntf3/Egfr/Bdnf/Ets1/Pdgfrb/Ralb/Gngt2/Kdr/Pik3r1/Tek/Pdgfd/Angpt1/Fgf7/Epha2/Csf1/Flt4/Rassf5/Pla2g4a/Rapgef5/Fgf9/Angpt2/Rasgrf2/Rasgrp2/Pdgfra/Rasgrp4/Pgf/Fgfr4/Kit/Pla1a/Plcg2/Rac2/Prkcb/Vegfc/Shc2/Shc4/Fgfr3/Pla2g5/Flt3l/Ntrk2
CvsA	down	GSEA	KEGG	mmu05170	Human immunodeficiency virus 1 infection	54	159	54/159	-0.469001630215266	-1.63347655626065	0.00104275286757039	0.0127952755905512	0.00906547865727311	2364	tags=34%, list=20%, signal=28%	Chuk/Pak4/Bcl2l1/Ripk1/Mapk3/Traf2/Gnb4/Casp9/Myd88/H2-T22/Nfatc4/Irf3/Bax/Gng11/Crk/Tapbp/Cxcr4/Itpr1/Jun/Trim12c/H2-T24/Gngt2/Pdia3/Pik3r1/Tnfrsf1b/Casp8/Cfl1/Tmem173/Ap1g2/Mapk11/Tlr4/Cd247/Traf5/Apobec3/H2-D1/Tap2/H2-M3/Cd3e/Gnai1/Limk1/Trim30d/Plcg2/B2m/Rac2/H2-K1/Bcl2/Prkcb/Tap1/H2-T23/Bst2/H2-Q4/H2-Q6/Ptk2b/H2-Q7
CvsA	down	GSEA	KEGG	mmu04015	Rap1 signaling pathway	67	161	67/161	-0.482138340137592	-1.67890403408052	0.00104384133611691	0.0127952755905512	0.00906547865727311	2498	tags=42%, list=21%, signal=33%	Lpar1/Rras/Vav2/Tiam1/Src/Igf1/Mapk3/Lpar4/Adcy7/Plcb1/Kitl/Ctnnd1/Vegfd/Evl/Prkd3/Crk/Magi1/Mras/Egfr/Prkci/Magi3/Actb/Pdgfrb/Rapgef3/Ralb/Rapgef4/Itgb3/Rap1gap/Kdr/Pik3r1/Tek/Pdgfd/Arap3/Angpt1/Sipa1/Fgf7/Id1/Epha2/F2r/Csf1/Flt4/Rassf5/Rapgef5/Itgb2/Mapk11/Fgf9/Angpt2/Rasgrp2/Pdgfra/Vav1/Pgf/Fgfr4/Adcy5/Prkd2/Lcp2/Gnai1/Adcy4/Fyb/Kit/Pard6b/Pard6g/Rac2/Prkcb/Vegfc/Itgam/Adcy3/Fgfr3
CvsA	down	GSEA	KEGG	mmu04020	Calcium signaling pathway	42	142	42/142	-0.440523061393519	-1.52370861561693	0.00104712041884817	0.0127952755905512	0.00906547865727311	1691	tags=30%, list=14%, signal=26%	Cxcr4/Itpr1/Itpkb/Egfr/Ptgfr/Pdgfrb/Adra1a/Nos3/Mylk/Erbb2/Kdr/Pdgfd/Mst1r/Fgf7/F2r/Atp2a3/Tpcn2/Flt4/Fgf9/Agtr1a/Pdgfra/Pde1a/Fgfr4/Atp2b4/Adcy4/Ednra/Ednrb/Plcg2/Prkcb/Vegfc/Cysltr1/Adcy3/Ntrk3/Fgfr3/Cacna1h/Ret/Ptk2b/Ntrk2/Cacna1i/Pln/Oxtr/Ptger3
CvsA	down	GSEA	KEGG	mmu05169	Epstein-Barr virus infection	62	154	62/154	-0.523491503110543	-1.81626630346111	0.0010482180293501	0.0127952755905512	0.00906547865727311	2502	tags=40%, list=21%, signal=32%	Psmd8/Ccnd2/Chuk/Polk/Map3k14/Ripk1/Cdk6/Relb/Lyn/Cdk4/H2-DMa/Traf2/Casp9/Myd88/H2-T22/Irf3/Bax/Trp53/Tapbp/Myc/Jun/Entpd1/Cd44/Tnfaip3/H2-T24/Vim/Pdia3/Pik3r1/Ddx58/Stat1/Ifnar2/Casp8/Irf9/H2-DMb1/Jak3/Mapk11/Syk/Cd247/Traf5/Ikbke/H2-Ab1/H2-D1/Tap2/H2-M3/Cd3e/Irf7/H2-Aa/Icam1/Stat2/Ddb2/H2-Eb1/Plcg2/Ccnd1/B2m/H2-K1/Bcl2/Tap1/H2-T23/H2-Q4/H2-Q6/Oas2/H2-Q7
CvsA	down	GSEA	KEGG	mmu04062	Chemokine signaling pathway	49	126	49/126	-0.452419384363146	-1.5572346887121	0.00105263157894737	0.0127952755905512	0.00906547865727311	2710	tags=39%, list=23%, signal=30%	Rela/Plcg1/Ccl8/Was/Pik3r5/Vav2/Chuk/Tiam1/Src/Arrb1/Mapk3/Lyn/Adcy7/Gnb4/Plcb1/Ccr1/Ccr2/Gng11/Crk/Shc1/Pik3cg/Cxcr4/Ccl25/Cxcl12/Ccl27a/Gngt2/Prkcd/Pik3r1/Stat1/Dock2/Jak3/Ccl28/Ccl24/Rasgrp2/Vav1/Adcy5/Gnai1/Adcy4/Stat2/Plcg2/Rac2/Cxcl14/Prkcb/Shc2/Shc4/Adcy3/Ccl11/Pf4/Ptk2b
CvsA	down	GSEA	KEGG	mmu05152	Tuberculosis	46	125	46/125	-0.475098439103879	-1.63397223355485	0.00105263157894737	0.0127952755905512	0.00906547865727311	2274	tags=37%, list=19%, signal=30%	Src/Cd209b/Mapk3/Malt1/H2-DMa/Nos2/Fcer1g/Casp9/Ripk2/Mrc2/Myd88/Il10rb/Bax/Cd14/Ctss/Tgfb1/Fcgr2b/Cd209f/Fcgr3/Rfx5/Stat1/Tcirg1/Casp8/Pla2r1/Ifngr1/H2-DMb1/Itgb2/Mapk11/Tlr4/Nod2/Syk/C3/Coro1a/Nfya/H2-Ab1/Cd209a/Il10ra/Cd209g/H2-Aa/Lbp/H2-Eb1/Cd209d/Cd74/Bcl2/Itgam/Ciita
CvsA	down	GSEA	KEGG	mmu04621	NOD-like receptor signaling pathway	45	121	45/121	-0.500364975067836	-1.71692984803972	0.00105596620908131	0.0127952755905512	0.00906547865727311	2364	tags=37%, list=20%, signal=30%	Chuk/Bcl2l1/Ripk1/Mapk3/Traf2/Plcb1/Ripk2/Myd88/Irf3/Casr/Itpr1/Rnasel/Jun/Gabarapl1/Tnfaip3/Cybb/Prkcd/Trip6/Ifi207/Casp4/Ticam1/Stat1/Cyba/Ifnar2/Gsdmd/Casp8/Casp12/Irf9/Tmem173/Mapk11/Tlr4/Nod2/Ifi204/Traf5/Gbp5/Ikbke/Irf7/Stat2/Naip2/Bcl2/Gbp3/Gbp2/Trpv2/Oas2/Casp1
CvsA	down	GSEA	KEGG	mmu04145	Phagosome	54	118	54/118	-0.590697337866435	-2.01950749321219	0.00106157112526539	0.0127952755905512	0.00906547865727311	2480	tags=46%, list=21%, signal=37%	Atp6v0e/Atp6v1h/Sec61a1/Tubb5/Cd209b/Cd36/H2-DMa/Tuba1b/Mrc2/H2-T22/Cd14/Ctss/Fcgr2b/Cd209f/Scarb1/Fcgr3/Cybb/Actb/H2-T24/Ncf2/Tuba1c/Itgb3/Colec12/Cyba/Tcirg1/Tubb2a/Msr1/Pla2r1/Rab7b/H2-DMb1/Itgb2/Tlr4/C3/Thbs2/Coro1a/H2-Ab1/Cd209a/H2-D1/Cd209g/Tap2/H2-M3/H2-Aa/Thbs3/H2-Eb1/Cd209d/H2-K1/Tap1/Tuba1a/H2-T23/Itgam/H2-Q4/C1ra/H2-Q6/H2-Q7
CvsA	down	GSEA	KEGG	mmu04072	Phospholipase D signaling pathway	44	112	44/112	-0.458911078817123	-1.56541548367608	0.00106496272630458	0.0127952755905512	0.00906547865727311	2534	tags=39%, list=21%, signal=31%	Plpp1/Lpar1/Pik3r5/Rras/Cyth3/Agpat2/Pld1/Mapk3/Lpar4/Adcy7/Plcb1/Fcer1g/Kitl/Dgkb/Plpp3/Cyth4/Shc1/Pik3cg/Mras/Dnm1/Egfr/Ptgfr/Pdgfrb/Rapgef3/Ralb/Dgkq/Rapgef4/Pik3r1/Pdgfd/F2r/Pla2g4a/Agpat4/Fyn/Syk/Agtr1a/Pdgfra/Adcy5/Adcy4/Kit/Plcg2/Shc2/Shc4/Adcy3/Ptk2b
CvsA	down	GSEA	KEGG	mmu05164	Influenza A	49	108	49/108	-0.525506365127247	-1.77922668313423	0.00108342361863489	0.0127952755905512	0.00906547865727311	2771	tags=45%, list=23%, signal=35%	Kpna2/Eif2ak2/Rela/Fas/Tnfrsf1a/Slc25a5/Dnajc3/Chuk/Cpsf4/Cdk6/Mapk3/Cdk4/H2-DMa/Casp9/Ifih1/Myd88/Irf3/Bax/Rnasel/Actb/Dnajb1/Pik3r1/Ddx58/Ticam1/Stat1/Pml/Ifnar2/Rsad2/Casp8/Ifngr1/Irf9/H2-DMb1/Tlr4/Tlr3/Ikbke/H2-Ab1/Il33/Irf7/H2-Aa/Icam1/Stat2/H2-Eb1/Adar/Tnfsf10/Tpsb2/Prkcb/Ciita/Oas2/Casp1
CvsA	down	GSEA	KEGG	mmu05162	Measles	42	103	42/103	-0.486029430252977	-1.63841211241758	0.00108459869848156	0.0127952755905512	0.00906547865727311	2749	tags=41%, list=23%, signal=32%	Eif2ak2/Rela/Fas/Ccnd2/Hspa1l/Chuk/Bcl2l1/Cdk6/Cd209b/Cdk4/Casp9/Ifih1/Myd88/Irf3/Bax/Trp53/Fcgr2b/Cd209f/Msn/Jun/Tnfaip3/Pik3r1/Ddx58/Stat1/Ifnar2/Casp8/Irf9/Jak3/Tlr4/Cd46/Ikbke/Cd209a/Cd209g/Cd3e/Irf7/Stat2/Cd209d/Hspa1a/Ccnd1/Adar/Bcl2/Oas2
CvsA	down	GSEA	KEGG	mmu04060	Cytokine-cytokine receptor interaction	52	98	52/98	-0.615672411758559	-2.06180274734428	0.00109409190371991	0.0127952755905512	0.00906547865727311	2037	tags=53%, list=17%, signal=44%	Ccr1/Il1rl2/Ccr2/Csf2rb2/Il10rb/Il1r1/Gdf11/Csf2rb/Tgfb1/Cxcr4/Il34/Ccl25/Il17ra/Gdf10/Bmpr1b/Cxcl12/Tnfrsf11a/Ccl27a/Tgfbr2/Ackr3/Tnfsf12/Tnfrsf1b/Acvrl1/Il15/Acvr1c/Ifnar2/Bmp7/Bmp4/Lepr/Il16/Osmr/Csf1/Ifngr1/Il13ra1/Bmp2/Ccl28/Ccl24/Il33/Il10ra/Il20rb/Tnfsf10/Bmp5/Bmp3/Il4ra/Cxcl14/Ccl11/Pf4/Eda2r/Tnfrsf12a/Inhbb/Prlr/Lep
CvsA	down	GSEA	KEGG	mmu04630	JAK-STAT signaling pathway	28	90	28/90	-0.492383715058947	-1.63346803306073	0.00111358574610245	0.0127952755905512	0.00906547865727311	1913	tags=31%, list=16%, signal=26%	Csf2rb2/Il10rb/Csf2rb/Egfr/Myc/Pdgfrb/Pik3r1/Stat1/Il15/Ifnar2/Lepr/Osmr/Ifngr1/Ptpn6/Irf9/Il13ra1/Jak3/Pdgfra/Aox1/Il10ra/Stat2/Il20rb/Ccnd1/Il4ra/Bcl2/Socs2/Prlr/Lep
CvsA	down	GSEA	KEGG	mmu05145	Toxoplasmosis	44	88	44/88	-0.518062005857376	-1.71507885570985	0.00111607142857143	0.0127952755905512	0.00906547865727311	3145	tags=50%, list=26%, signal=37%	Lama5/Tgfb3/Irak4/Gnai3/Lama2/Rela/Tnfrsf1a/Pik3r5/Hspa1l/Chuk/Bcl2l1/Mapk3/H2-DMa/Nos2/Alox5/Lama3/Casp9/Myd88/Il10rb/Pik3cg/Tgfb1/Irgm1/Lamc2/Lamb3/Stat1/Lamb1/Casp8/Ifngr1/H2-DMb1/Mapk11/Tlr4/Ldlr/H2-Ab1/Itga6/Il10ra/Gnai1/H2-Aa/H2-Eb1/Lama4/Hspa1a/Irgm2/Igtp/Bcl2/Ciita
CvsA	down	GSEA	KEGG	mmu04514	Cell adhesion molecules	46	76	46/76	-0.663079872606977	-2.15625951616398	0.00112359550561798	0.0127952755905512	0.00906547865727311	1888	tags=61%, list=16%, signal=51%	Sdc3/H2-DMa/Nectin2/H2-T22/Jam2/Pecam1/Cldn19/Jam3/H2-T24/Vsir/F11r/Nectin1/Esam/Cadm3/H2-DMb1/Itgb2/Siglec1/Mpz/Cd34/Alcam/H2-Ab1/Itga8/Itga6/H2-D1/H2-M3/Ptprc/H2-Aa/Icam1/Sdc1/H2-Eb1/Cldn15/Negr1/Vcan/Selplg/H2-K1/Icosl/Itgb7/H2-T23/Itgam/H2-Q4/Vcam1/Cd274/H2-Q6/Icam2/L1cam/H2-Q7
CvsA	down	GSEA	KEGG	mmu04670	Leukocyte transendothelial migration	37	82	37/82	-0.613552774339875	-2.00768304188068	0.00112994350282486	0.0127952755905512	0.00906547865727311	1859	tags=45%, list=15%, signal=38%	Jam2/Pecam1/Cldn19/Cxcr4/Jam3/Msn/Cybb/Cxcl12/Actb/Ncf2/Mmp2/Rapgef3/Rapgef4/Ezr/Pik3r1/F11r/Cyba/Esam/Sipa1/Actn1/Rassf5/Itgb2/Mapk11/Myl12b/Vav1/Myl9/Gnai1/Icam1/Mmp9/Cldn15/Plcg2/Rac2/Prkcb/Itgam/Vcam1/Thy1/Ptk2b
CvsA	down	GSEA	KEGG	mmu04080	Neuroactive ligand-receptor interaction	29	73	29/73	-0.599957340253032	-1.94062503973875	0.00113636363636364	0.0127952755905512	0.00906547865727311	1492	tags=40%, list=12%, signal=35%	S1pr1/Aplnr/Ptgfr/S1pr2/Adra1a/Nmbr/Adcyap1r1/Ptgir/Lepr/F2r/P2ry14/C3/Agtr1a/S1pr3/Penk/Adm/Ednra/Ednrb/Adra2b/Pth1r/Cysltr1/Npy1r/Adora1/Nmb/Prlr/Oxtr/Ptger3/Uts2b/Lep
CvsA	down	GSEA	KEGG	mmu04650	Natural killer cell mediated cytotoxicity	22	62	22/62	-0.578455185596113	-1.83699979873322	0.00116009280742459	0.0127952755905512	0.00906547865727311	1201	tags=35%, list=10%, signal=32%	Pik3r1/Ifnar2/Ifngr1/Ptpn6/Itgb2/Fyn/Syk/Cd247/Vav1/H2-D1/Lcp2/Icam1/Plcg2/Tnfsf10/Rac2/H2-K1/Prkcb/H2-T23/Shc2/Shc4/Icam2/Ptk2b
CvsA	down	GSEA	KEGG	mmu05133	Pertussis	25	51	25/51	-0.603529408165616	-1.87035530492278	0.001194743130227	0.0127952755905512	0.00906547865727311	2223	tags=49%, list=19%, signal=40%	Mapk3/Nos2/Myd88/Irf3/Cd14/C1qa/Jun/C1qb/Irf8/Ticam1/C1qc/Cfl1/C2/Itgb2/Mapk11/Tlr4/Irf1/C3/Gnai1/C4b/Serping1/C1s1/Itgam/C1ra/Casp1
CvsA	down	GSEA	KEGG	mmu05140	Leishmaniasis	25	53	25/53	-0.547236279320632	-1.69946948213148	0.00120192307692308	0.0127952755905512	0.00906547865727311	2410	tags=47%, list=20%, signal=38%	Eef1a1/Mapk3/H2-DMa/Nos2/Myd88/Tgfb1/Jun/Fcgr3/Cybb/Ncf2/Stat1/Cyba/Ifngr1/Ptpn6/H2-DMb1/Itgb2/Mapk11/Tlr4/C3/H2-Ab1/H2-Aa/Marcksl1/H2-Eb1/Prkcb/Itgam
CvsA	down	GSEA	KEGG	mmu03320	PPAR signaling pathway	25	54	25/54	-0.594193645274087	-1.84927004191662	0.00120481927710843	0.0127952755905512	0.00906547865727311	2566	tags=46%, list=21%, signal=37%	Dbi/Plin2/Acsl1/Ubc/Cd36/Angptl4/Slc27a1/Pck2/Acsl3/Pltp/Plin5/Cpt1c/Fads2/Gk/Fabp4/Acsl5/Pparg/Cpt1a/Fabp5/Fabp3/Plin1/Scd2/Hmgcs2/Adipoq/Scd1
CvsA	down	GSEA	KEGG	mmu04612	Antigen processing and presentation	25	46	25/46	-0.70467680459549	-2.15217086364023	0.00120481927710843	0.0127952755905512	0.00906547865727311	1888	tags=54%, list=16%, signal=46%	H2-T22/Ctss/Tapbp/H2-T24/Rfx5/Pdia3/Ifi30/H2-DMb1/Nfya/H2-Ab1/H2-D1/Tap2/H2-M3/H2-Aa/H2-Eb1/Hspa1a/B2m/H2-K1/Cd74/Tap1/H2-T23/H2-Q4/Ciita/H2-Q6/H2-Q7
CvsA	down	GSEA	KEGG	mmu04640	Hematopoietic cell lineage	25	43	25/43	-0.648133120415389	-1.94476595158563	0.00122249388753056	0.0127952755905512	0.00906547865727311	2188	tags=58%, list=18%, signal=48%	Cd24a/Cd36/H2-DMa/Kitl/Il1r1/Cd14/Cd44/Itga1/Itgb3/Anpep/Csf1/H2-DMb1/Cd34/H2-Ab1/Itga6/Cd3e/Cd9/H2-Aa/H2-Eb1/Kit/Mme/Il4ra/Itgam/Flt3l/Cd1d1
CvsA	down	GSEA	KEGG	mmu04610	Complement and coagulation cascades	25	39	25/39	-0.745556482251478	-2.19282885006102	0.00124688279301746	0.0127952755905512	0.00906547865727311	1755	tags=64%, list=15%, signal=55%	C3ar1/C1qa/Cfd/C1qb/C1qc/Plat/F2r/C2/C7/Itgb2/C3/Pros1/Cd46/Procr/Vwf/Plau/F3/C4b/Serping1/C1s1/F5/Vtn/Thbd/Itgam/C1ra
CvsA	down	GSEA	KEGG	mmu04061	Viral protein interaction with cytokine and cytokine receptor	22	28	22/28	-0.740529713144957	-2.05651358773887	0.00127877237851662	0.0127952755905512	0.00906547865727311	2037	tags=79%, list=17%, signal=65%	Csf1r/Ccl8/Tnfrsf1a/Ccr1/Ccr2/Il10rb/Cxcr4/Il34/Ccl25/Cxcl12/Ccl27a/Ackr3/Tnfrsf1b/Csf1/Ccl28/Ccl24/Il10ra/Il20rb/Tnfsf10/Cxcl14/Ccl11/Pf4
CvsA	down	GSEA	KEGG	mmu05144	Malaria	17	30	17/30	-0.716687260173454	-2.01505975618313	0.00129366106080207	0.0127952755905512	0.00906547865727311	2176	tags=57%, list=18%, signal=47%	Cd36/Myd88/Pecam1/Tgfb1/Ackr1/Itgb2/Tlr4/Lrp1/Thbs2/Hbb-b1/Icam1/Sdc1/Thbs3/Hbb-bt/Vcam1/Hba-a1/Hba-a2
CvsA	down	GSEA	KEGG	mmu05150	Staphylococcus aureus infection	20	26	20/26	-0.709745144487229	-1.93877606120487	0.00131233595800525	0.0127952755905512	0.00906547865727311	1755	tags=77%, list=15%, signal=66%	C3ar1/Fcgr2b/C1qa/Cfd/Fcgr3/C1qb/C1qc/C2/H2-DMb1/Itgb2/C3/H2-Ab1/H2-Aa/Icam1/H2-Eb1/C4b/Selplg/C1s1/Itgam/C1ra
CvsA	down	GSEA	KEGG	mmu05167	Kaposi sarcoma-associated herpesvirus infection	57	148	57/148	-0.435825985637714	-1.51023038918547	0.00208986415882968	0.0197587156834806	0.0139990900591462	2749	tags=39%, list=23%, signal=30%	Eif2ak2/Rela/Plcg1/Fas/Tnfrsf1a/Itpr3/Rcan1/Pik3r5/Chuk/Src/Cdk6/Mapk3/Lyn/Ubc/Cdk4/Traf2/Gnb4/Ccr1/Casp9/H2-T22/Nfatc4/Irf3/Bax/Gng11/Pik3cg/Trp53/Itpr1/Myc/Jun/Gabarapl1/H2-T24/Gngt2/Pik3r1/Ticam1/Stat1/Ifnar2/Casp8/Ifngr1/Irf9/Mapk11/Syk/Angpt2/C3/Tlr3/Ikbke/H2-D1/H2-M3/Irf7/Icam1/Stat2/Plcg2/Ccnd1/H2-K1/H2-T23/H2-Q4/H2-Q6/H2-Q7
CvsA	down	GSEA	KEGG	mmu05143	African trypanosomiasis	8	18	8/18	-0.754910168812526	-1.9160261387337	0.00276625172890733	0.0228387380133226	0.0161812921147022	674	tags=44%, list=6%, signal=42%	Hbb-b1/Icam1/Hbb-bt/Lama4/Prkcb/Vcam1/Hba-a1/Hba-a2
CvsA	down	GSEA	KEGG	mmu05330	Allograft rejection	14	18	14/18	-0.750743950828901	-1.90545192356735	0.00276625172890733	0.0228387380133226	0.0161812921147022	875	tags=78%, list=7%, signal=72%	H2-DMa/H2-T22/H2-T24/H2-DMb1/H2-Ab1/H2-D1/H2-M3/H2-Aa/H2-Eb1/H2-K1/H2-T23/H2-Q4/H2-Q6/H2-Q7
CvsA	down	GSEA	KEGG	mmu04672	Intestinal immune network for IgA production	15	19	15/19	-0.73482711438202	-1.87283087205548	0.00277777777777778	0.0228387380133226	0.0161812921147022	2353	tags=79%, list=20%, signal=64%	Il15ra/Map3k14/H2-DMa/Tgfb1/Cxcr4/Ccl25/Cxcl12/Il15/H2-DMb1/Ccl28/H2-Ab1/H2-Aa/H2-Eb1/Icosl/Itgb7
CvsA	down	GSEA	KEGG	mmu05320	Autoimmune thyroid disease	14	17	14/17	-0.755084528955943	-1.88760221071223	0.00278164116828929	0.0228387380133226	0.0161812921147022	875	tags=82%, list=7%, signal=76%	H2-DMa/H2-T22/H2-T24/H2-DMb1/H2-Ab1/H2-D1/H2-M3/H2-Aa/H2-Eb1/H2-K1/H2-T23/H2-Q4/H2-Q6/H2-Q7
CvsA	down	GSEA	KEGG	mmu05332	Graft-versus-host disease	14	17	14/17	-0.755084528955943	-1.88760221071223	0.00278164116828929	0.0228387380133226	0.0161812921147022	875	tags=82%, list=7%, signal=76%	H2-DMa/H2-T22/H2-T24/H2-DMb1/H2-Ab1/H2-D1/H2-M3/H2-Aa/H2-Eb1/H2-K1/H2-T23/H2-Q4/H2-Q6/H2-Q7
CvsA	down	GSEA	KEGG	mmu04940	Type I diabetes mellitus	15	21	15/21	-0.710862151557726	-1.84789214901035	0.00410958904109589	0.0319737651158024	0.0226534773087669	2204	tags=71%, list=18%, signal=58%	Ica1/H2-DMa/H2-T22/H2-T24/H2-DMb1/H2-Ab1/H2-D1/H2-M3/H2-Aa/H2-Eb1/H2-K1/H2-T23/H2-Q4/H2-Q6/H2-Q7
CvsA	down	GSEA	KEGG	mmu05340	Primary immunodeficiency	7	14	7/14	-0.754798485531156	-1.79533166808113	0.00420168067226891	0.0319737651158024	0.0226534773087669	1355	tags=50%, list=11%, signal=44%	Rfx5/Jak3/Tap2/Ptprc/Cd3e/Tap1/Ciita
CvsA	down	GSEA	KEGG	mmu04064	NF-kappa B signaling pathway	31	70	31/70	-0.495987560139078	-1.60227304541076	0.00456100342075257	0.0330937922622047	0.0234470188092543	2790	tags=44%, list=23%, signal=34%	Card10/Rela/Plcg1/Tnfrsf1a/Chuk/Map3k14/Bcl2l1/Ripk1/Relb/Malt1/Lyn/Traf2/Myd88/Il1r1/Cd14/Tnfaip3/Cxcl12/Tnfrsf11a/Ddx58/Ticam1/Tlr4/Syk/Traf5/Plau/Icam1/Lbp/Plcg2/Bcl2/Prkcb/Vcam1/Eda2r
CvsA	down	GSEA	KEGG	mmu05200	Pathways in cancer	115	392	115/392	-0.365538820961897	-1.31687453431446	0.00500500500500501	0.0354900354900355	0.0251447619868673	2364	tags=29%, list=20%, signal=24%	Chuk/Il15ra/Polk/Traf4/Bcl2l1/Pld1/Igf1/Cdk6/Mapk3/Lpar4/Fn1/Ctnna1/Nfe2l2/Spi1/Cdk4/Traf2/Adcy7/Gnb4/Nos2/Plcb1/Lama3/Kitl/Fzd2/Casp9/Vegfd/Vhl/Csf2rb2/Eml4/Bax/Gli2/Gng11/Crk/Csf2rb/Tgfb1/Trp53/Notch1/Heyl/Cxcr4/Notch2/Runx1/Egfr/Myc/Jun/Cebpa/Ets1/Cxcl12/Bcr/Tgfbr2/Col4a2/Pdgfrb/Lamc2/Gstt3/Nqo1/Mmp2/Ralb/Gngt2/Erbb2/Pik3r1/Lamb3/Stat1/Il15/Pml/Ifnar2/Lamb1/Casp8/Bmp4/Fgf7/F2r/Ifngr1/Flt4/Rassf5/Il13ra1/Bmp2/Jag1/Jak3/Mgst1/Fgf9/Col4a1/Rasgrp2/Traf5/Agtr1a/Pdgfra/Pparg/Rasgrp4/Gstt1/Pgf/Itga6/Fgfr4/Adcy5/Dll1/Gnai1/Gsta3/Adcy4/Ednra/Mmp9/Stat2/Ddb2/Ednrb/Kit/Gstt2/Notch3/Plcg2/Lama4/Ccnd1/Rac2/Il4ra/Bcl2/Prkcb/Vegfc/Adcy3/Fgfr3/Gli3/Flt3l/Ret/Ptger3
CvsA	down	GSEA	KEGG	mmu05160	Hepatitis C	46	110	46/110	-0.442068222585304	-1.50414074099898	0.00536480686695279	0.0371959942775393	0.0263534372411716	3150	tags=42%, list=26%, signal=31%	Cdk2/Ywhab/Pik3r3/Ywhaz/Nr1h3/Tbk1/Ifnar1/Ppp2cb/Eif2ak2/Rela/Fas/Tnfrsf1a/Cldn1/Chuk/Ripk1/Cdk6/Mapk3/Cdk4/Traf2/Casp9/Irf3/Bax/Cldn19/Trp53/Rnasel/Egfr/Myc/Scarb1/Ywhaq/Pik3r1/Ddx58/Ticam1/Stat1/Ifnar2/Rsad2/Casp8/Irf9/Ldlr/Tlr3/Ikbke/Irf7/Stat2/Cldn15/Ccnd1/Oas2/Ifit1
CvsA	down	GSEA	KEGG	mmu05416	Viral myocarditis	20	44	20/44	-0.531385079058502	-1.60284877879979	0.00609756097560976	0.0396341463414634	0.0280808729139923	1452	tags=45%, list=12%, signal=40%	Actb/H2-T24/Cav1/Casp8/H2-DMb1/Itgb2/Fyn/H2-Ab1/H2-D1/H2-M3/H2-Aa/Icam1/H2-Eb1/Ccnd1/Rac2/H2-K1/H2-T23/H2-Q4/H2-Q6/H2-Q7
CvsA	down	GSEA	KEGG	mmu05418	Fluid shear stress and atherosclerosis	38	116	38/116	-0.437091458582825	-1.49313575277551	0.00636942675159236	0.0405563499285064	0.0287342560222212	1813	tags=33%, list=15%, signal=28%	Hmox1/Chuk/Src/Nfe2l2/Klf2/Pecam1/Il1r1/Cav2/Trp53/Jun/Bmpr1b/Actb/Ncf2/Gstt3/Nqo1/Mmp2/Nos3/Itgb3/Kdr/Pik3r1/Cav1/Cyba/Bmp4/Plat/Mapk11/Mgst1/Trpv4/Gstt1/Gsta3/Icam1/Mmp9/Sdc1/Gstt2/Rac2/Bcl2/Thbd/Ass1/Vcam1
CvsA	down	GSEA	KEGG	mmu01040	Biosynthesis of unsaturated fatty acids	8	21	8/21	-0.666300206589187	-1.7320529978169	0.00684931506849315	0.0427397260273973	0.030281182408075	1320	tags=38%, list=11%, signal=34%	Fads1/Fads2/Elovl5/Elovl1/Scd2/Acot2/Acot1/Scd1
CvsA	down	GSEA	KEGG	mmu04151	PI3K-Akt signaling pathway	82	254	82/254	-0.378019389526032	-1.345746015249	0.00709219858156028	0.0432692307692308	0.030656337589536	2270	tags=32%, list=19%, signal=27%	Bcl2l1/Igf1/Cdk6/Mapk3/Lpar4/Fn1/Cdk4/Tnc/Gnb4/Itga11/Lama3/Kitl/Casp9/Vegfd/Gng11/Pck2/Magi1/Pik3cg/Ntf3/Trp53/Egfr/Pik3ap1/Myc/Bdnf/Itga1/Ywhaq/Col4a2/Pdgfrb/Lamc2/Nos3/Gngt2/Itgb3/Erbb2/Kdr/Pik3r1/Lamb3/Tek/Pdgfd/Ifnar2/Col6a2/Lamb1/Angpt1/Fgf7/Osmr/Epha2/F2r/Csf1/Flt4/Jak3/Tnxb/Col6a1/Tlr4/Fgf9/Syk/Angpt2/Col4a1/Col6a3/Thbs2/Pdgfra/Reln/Itga8/Pgf/Itga6/Vwf/Fgfr4/Mtcp1/Pkn3/Thbs3/Spp1/Kit/Lama4/Ccnd1/Il4ra/Bcl2/Vtn/Vegfc/Itgb7/Itgb4/Fgfr3/Flt3l/Ntrk2/Prlr
CvsA	down	GSEA	KEGG	mmu05323	Rheumatoid arthritis	21	48	21/48	-0.524277465646249	-1.60824198989799	0.00721153846153846	0.0432692307692308	0.030656337589536	1733	tags=44%, list=14%, signal=38%	Atp6v0e/Atp6v1h/H2-DMa/Tgfb1/Jun/Cxcl12/Tnfrsf11a/Tek/Il15/Tcirg1/Angpt1/Csf1/H2-DMb1/Itgb2/Tlr4/Mmp3/H2-Ab1/H2-Aa/Icam1/H2-Eb1/Acp5
CvsA	down	GSEA	KEGG	mmu04510	Focal adhesion	65	174	65/174	-0.400974054339529	-1.40931446295324	0.00925925925925926	0.050682261208577	0.0359084846619473	2483	tags=37%, list=21%, signal=30%	Ccnd2/Vav2/Ppp1r12a/Ppp1r12c/Pak4/Src/Igf1/Mapk3/Fn1/Tnc/Itga11/Lama3/Vegfd/Crk/Shc1/Cav2/Egfr/Jun/Itga1/Actb/Col4a2/Pdgfrb/Lamc2/Mylk/Itgb3/Erbb2/Kdr/Pik3r1/Lamb3/Flnb/Cav1/Pdgfd/Col6a2/Lamb1/Actn1/Flt4/Tnxb/Col6a1/Fyn/Col4a1/Col6a3/Thbs2/Myl12b/Pdgfra/Reln/Vav1/Itga8/Pgf/Itga6/Vwf/Myl9/Thbs3/Spp1/Lama4/Ccnd1/Rac2/Bcl2/Vtn/Flna/Prkcb/Vegfc/Itgb7/Shc2/Shc4/Itgb4
CvsA	down	GSEA	KEGG	mmu00600	Sphingolipid metabolism	19	37	19/37	-0.552007339861735	-1.60513556645373	0.0101522842639594	0.0528813559322034	0.0374665477252453	2969	tags=51%, list=25%, signal=39%	Cers4/Cers5/Gla/Neu3/Cerk/Degs1/Plpp1/Gba2/B4galt6/Sptlc2/Plpp3/Asah1/Cers2/Kdsr/Ugt8a/Sgms2/Glb1/Cers6/Arsa
CvsA	down	GSEA	KEGG	mmu04666	Fc gamma R-mediated phagocytosis	35	78	35/78	-0.463132399932033	-1.50800245480291	0.0101694915254237	0.0528813559322034	0.0374665477252453	3160	tags=45%, list=26%, signal=33%	Dock1/Pik3r3/Pip5k1a/Arpc3/Asap1/Asap2/Plcg1/Plpp1/Was/Vav2/Pld1/Mapk3/Lyn/Wasf3/Plpp3/Crk/Arpc1b/Arpc5/Fcgr2b/Actr3b/Prkcd/Pik3r1/Cfl1/Pla2g4a/Asap3/Syk/Inpp5d/Vav1/Ptprc/Limk1/Marcksl1/Plcg2/Rac2/Prkcb/Gsn
CvsA	down	GSEA	KEGG	mmu04380	Osteoclast differentiation	37	91	37/91	-0.449163385543099	-1.49353484489966	0.0122358175750834	0.0605964298956513	0.0429326932459068	2834	tags=41%, list=24%, signal=31%	Csf1r/Ctsk/Rela/Tnfrsf1a/Chuk/Map3k14/Relb/Mapk3/Spi1/Traf2/Il1r1/Tgfb1/Fcgr2b/Jun/Pirb/Fcgr3/Tnfrsf11a/Tgfbr2/Ncf2/Tec/Itgb3/Pik3r1/Stat1/Cyba/Ifnar2/Sirpa/Csf1/Ifngr1/Irf9/Mapk11/Fyn/Syk/Pparg/Lcp2/Stat2/Plcg2/Acp5
CvsA	down	GSEA	KEGG	mmu00980	Metabolism of xenobiotics by cytochrome P450	11	31	11/31	-0.571163820357409	-1.61345794105398	0.012970168612192	0.0632295719844358	0.0447982797460578	1388	tags=35%, list=12%, signal=31%	Gstt3/Adh1/Ephx1/Mgst1/Gstt1/Cyp2f2/Aldh3b1/Hsd11b1/Gsta3/Gstt2/Adh7
CvsA	down	GSEA	KEGG	mmu04625	C-type lectin receptor signaling pathway	30	80	30/80	-0.447837103618054	-1.4613378976113	0.0146726862302483	0.0704288939051919	0.0498990139004396	2545	tags=38%, list=21%, signal=30%	Itpr3/Rras/Chuk/Map3k14/Src/Cd209b/Relb/Mapk3/Malt1/Fcer1g/Nfatc4/Mras/Cd209f/Itpr1/Jun/Prkcd/Pik3r1/Stat1/Casp8/Irf9/Mapk11/Syk/Irf1/Ikbke/Cd209a/Cd209g/Stat2/Cd209d/Plcg2/Casp1
CvsB	up	GSEA	KEGG													""
CvsB	down	GSEA	KEGG	mmu04151	PI3K-Akt signaling pathway	78	254	78/254	-0.473635496266066	-1.68462768745714	0.00102249488752556	0.0398365679264556	0.0350787592064943	1824	tags=31%, list=15%, signal=27%	Sgk1/Myc/Lamc2/Osmr/Mlst8/Gnb4/Itga9/Itga5/Col1a1/Gng7/Magi1/Syk/Pdgfrb/Ccnd2/Pik3r3/Flt4/Pdgfd/Col9a1/Pdgfra/Hsp90aa1/Thbs4/Atf6b/Itgb7/Itga3/Col1a2/Tek/Vegfc/Kit/Nos3/Nr4a1/Col2a1/Csf1/Itga1/Pdgfb/Thbs3/Reln/Trp53/Igf1/Pck1/Ntrk2/Itga8/Comp/Col4a2/Flt3l/Gng11/Ccnd1/Lama3/Lamb3/Col6a2/Egfr/Kdr/F2r/Lama4/Col6a1/Col6a6/Bcl2l1/Epha2/Vwf/Col6a3/Lamb1/Itga6/Fgfr4/Chad/Col4a1/Itgb8/Pgf/Itgb4/Prlr/Creb3l1/Irs1/Tnc/Spp1/Fgfr3/Vtn/Itgb3/Il4ra/Ddit4/Ngfr
CvsB	down	GSEA	KEGG	mmu04510	Focal adhesion	52	174	52/174	-0.475678906782985	-1.64697250469319	0.00105820105820106	0.0398365679264556	0.0350787592064943	1445	tags=30%, list=12%, signal=27%	Pdgfrb/Ccnd2/Pik3r3/Flt4/Pdgfd/Col9a1/Pdgfra/Flnb/Thbs4/Crkl/Itgb7/Myl9/Itga3/Col1a2/Vasp/Vegfc/Col2a1/Actb/Itga1/Crk/Pdgfb/Flna/Thbs3/Reln/Igf1/Itga8/Comp/Col4a2/Ccnd1/Lama3/Lamb3/Col6a2/Egfr/Kdr/Actg1/Lama4/Col6a1/Col6a6/Vwf/Col6a3/Lamb1/Itga6/Chad/Col4a1/Itgb8/Pgf/Itgb4/Shc4/Tnc/Spp1/Vtn/Itgb3
CvsB	down	GSEA	KEGG	mmu04015	Rap1 signaling pathway	46	161	46/161	-0.474518133409356	-1.62765652302627	0.00106837606837607	0.0398365679264556	0.0350787592064943	1446	tags=29%, list=12%, signal=25%	Adcy4/Pdgfrb/Pik3r3/Flt4/Pdgfd/Pdgfra/Arap3/Crkl/Tiam1/Tek/Vasp/Vegfc/Kit/Ctnnd1/Gnai1/Ralgds/Itgam/Adcy7/Sipa1/Actb/Csf1/Crk/Pdgfb/Plcb1/Rasgrp2/Igf1/Prkd2/P2ry1/Adcy5/Rapgef5/Egfr/Kdr/F2r/Actg1/Pard6b/Epha2/Pard6g/Fgfr4/Pgf/Id1/Rapgef4/Fgfr3/Adcy3/Itgb3/Mras/Ngfr
CvsB	down	GSEA	KEGG	mmu04514	Cell adhesion molecules	46	76	46/76	-0.668410260301668	-2.12754153756095	0.0011454753722795	0.0398365679264556	0.0350787592064943	2578	tags=61%, list=21%, signal=48%	Cd34/H2-Eb1/Alcam/Cdh5/H2-D1/Nectin3/Jam3/Ptprf/Nectin2/H2-DMb1/Cd274/Sdc2/Icosl/Pecam1/Cadm3/Itga9/H2-K1/H2-Q4/Pvr/H2-M3/Icam1/Cadm1/F11r/Itgb7/Cdh4/Cldn1/H2-T23/Itgam/Cntnap2/Cldn15/Negr1/Itga8/Cdh2/Cd28/Esam/Vcam1/Sdc1/Itga6/Nectin1/Itgb8/Sdc4/Icam2/L1cam/Vcan/Cldn19/Mpz
CvsB	down	GSEA	KEGG	mmu04925	Aldosterone synthesis and secretion	18	69	18/69	-0.530086588387105	-1.67648765442179	0.00115074798619102	0.0398365679264556	0.0350787592064943	1446	tags=26%, list=12%, signal=23%	Adcy4/Itpr1/Npr1/Atp1a1/Atp2b4/Atf6b/Agtr1a/Adcy7/Nr4a1/Plcb1/Prkd2/Adcy5/Cacna1h/Atp1b4/Cacna1g/Creb3l1/Adcy3/Nr4a2
CvsB	down	GSEA	KEGG	mmu04512	ECM-receptor interaction	40	68	40/68	-0.64209266920585	-2.02694482849856	0.00116144018583043	0.0398365679264556	0.0350787592064943	1799	tags=59%, list=15%, signal=50%	Lamc2/Cd44/Itga9/Itga5/Col1a1/Hspg2/Col9a1/Thbs4/Itgb7/Itga3/Col1a2/Col2a1/Itga1/Thbs3/Reln/Itga8/Comp/Col4a2/Agrn/Lama3/Lamb3/Col6a2/Lama4/Col6a1/Col6a6/Frem1/Sdc1/Vwf/Col6a3/Lamb1/Itga6/Chad/Col4a1/Itgb8/Itgb4/Sdc4/Tnc/Spp1/Vtn/Itgb3
CvsB	down	GSEA	KEGG	mmu04974	Protein digestion and absorption	29	61	29/61	-0.573347180512426	-1.78229432608515	0.00118483412322275	0.0398365679264556	0.0350787592064943	1369	tags=48%, list=11%, signal=42%	Slc3a2/Atp1a1/Col3a1/Col27a1/Col9a1/Col12a1/Mme/Col1a2/Col5a1/Col2a1/Col5a2/Col4a2/Kcnk5/Col6a2/Col6a1/Col6a6/Atp1b4/Col8a1/Col6a3/Col23a1/Col8a2/Col4a1/Slc38a2/Col18a1/Col13a1/Col20a1/Eln/Col5a3/Col15a1
CvsB	down	GSEA	KEGG	mmu04918	Thyroid hormone synthesis	12	48	12/48	-0.609870762014972	-1.81783650890772	0.00122699386503067	0.0398365679264556	0.0350787592064943	1446	tags=25%, list=12%, signal=22%	Adcy4/Itpr1/Atp1a1/Atf6b/Gpx8/Adcy7/Plcb1/Adcy5/Atp1b4/Creb3l1/Adcy3/Alb
CvsB	down	GSEA	KEGG	mmu05144	Malaria	15	30	15/30	-0.687336560897065	-1.88352075143293	0.00126582278481013	0.0398365679264556	0.0350787592064943	1244	tags=50%, list=10%, signal=45%	Myd88/Sdc2/Pecam1/Icam1/Thbs4/Lrp1/Thbs3/Comp/Ackr1/Vcam1/Sdc1/Hbb-b1/Hba-a1/Hbb-bt/Hba-a2
CvsB	down	GSEA	KEGG	mmu00260	Glycine, serine and threonine metabolism	7	26	7/26	-0.690832692026367	-1.82502246653595	0.00131406044678055	0.0398365679264556	0.0350787592064943	605	tags=27%, list=5%, signal=26%	Shmt1/Phgdh/Gatm/Pgam1/Gnmt/Sardh/Alas2
CvsB	down	GSEA	KEGG	mmu05143	African trypanosomiasis	8	18	8/18	-0.775381161872061	-1.90099322641966	0.00140449438202247	0.0398365679264556	0.0350787592064943	743	tags=44%, list=6%, signal=42%	Icam1/Plcb1/Vcam1/Lama4/Hbb-b1/Hba-a1/Hbb-bt/Hba-a2
